﻿<?xml version="1.0" encoding="utf-8" ?>
<Defs>

  <HediffGiverSetDef>
    <defName>Slime</defName>
    <hediffGivers>
      
      <!-- Environmental -->
      <li Class="HediffGiver_Hypothermia">
        <hediff>Hypothermia</hediff>
      </li>
      <li Class="HediffGiver_Heat">
        <hediff>Heatstroke</hediff>
      </li>
	  
	  <li Class="HediffGiver_Birthday">
        <hediff>SlimePassive</hediff>
        <ageFractionChanceCurve>
          <points>
            <li>(0, 1)</li>
            <li>(1, 1)</li>
          </points>
        </ageFractionChanceCurve>
      </li>

    </hediffGivers>
  </HediffGiverSetDef>
  
</Defs>
