﻿<?xml version="1.0" encoding="utf-8" ?>
<Defs>

  <ThingDef Abstract="True" Name="SOrganicProductBase" ParentName="ResourceBase">
    <graphicData>
      <graphicClass>Graphic_Single</graphicClass>
    </graphicData>
    <statBases>
      <MaxHitPoints>60</MaxHitPoints>
      <Flammability>1.0</Flammability>
      <DeteriorationRate>6</DeteriorationRate>
			<Mass>0.03</Mass>
    </statBases>
    <tickerType>Rare</tickerType>
  </ThingDef>

  <ThingDef Abstract="True" Name="CraftableEggBase" ParentName="SOrganicProductBase" >
    <graphicData>
      <texPath>Things/Item/Resource/AnimalProductRaw/EggBirdSmall</texPath>
      <graphicClass>Graphic_StackCount</graphicClass>
    </graphicData>
    <statBases>
      <Mass>0.15</Mass>
	  <MaxHitPoints>20</MaxHitPoints>
	  <DeteriorationRate>2</DeteriorationRate>
    </statBases>
  </ThingDef>
  
  <ThingDef Abstract="True" Name="SEggBase" ParentName="SOrganicProductBase" >
    <graphicData>
      <texPath>Things/Item/Resource/AnimalProductRaw/EggBirdSmall</texPath>
      <graphicClass>Graphic_StackCount</graphicClass>
    </graphicData>
    <ingestible>
      <foodType>AnimalProduct</foodType>
      <nutrition>0.25</nutrition>
      <ingestEffect>EatMeat</ingestEffect>
      <ingestSound>RawMeat_Eat</ingestSound>
      <tasteThought>AteRawFood</tasteThought>
    </ingestible>
    <socialPropernessMatters>true</socialPropernessMatters>
    <statBases>
      <Mass>0.15</Mass>
			<MaxHitPoints>20</MaxHitPoints>
			<DeteriorationRate>2</DeteriorationRate>
    </statBases>
  </ThingDef>

  <ThingDef Abstract="True" Name="SEggUnfertBase" ParentName="SEggBase" >
    <ingestible>
      <preferability>DesperateOnly</preferability>
    </ingestible>
    <thingCategories>
      <li>EggsUnfertilized</li>
    </thingCategories>
    <comps>
      <li Class="CompProperties_Rottable">
        <daysToRotStart>15</daysToRotStart>
				<rotDestroys>true</rotDestroys>
			</li>
			<li Class="CompProperties_FoodPoisoningChance">
				<humanlikeOnly>true</humanlikeOnly>
			</li>
    </comps>
  </ThingDef>

  <ThingDef Abstract="True" Name="SEggFertBase" ParentName="SEggBase" >
    <tickerType>Normal</tickerType>
    <ingestible>
      <preferability>DesperateOnly</preferability>
    </ingestible>
    <thingCategories>
      <li>EggsFertilized</li>
    </thingCategories>
		<comps>
			<li Class="CompProperties_FoodPoisoningChance">
				<humanlikeOnly>true</humanlikeOnly>
			</li>
			<li Class="CompProperties_TemperatureRuinable">
				<minSafeTemperature>0</minSafeTemperature>
				<maxSafeTemperature>50</maxSafeTemperature>
				<progressPerDegreePerTick>0.00003</progressPerDegreePerTick>
			</li>
		</comps>
  </ThingDef>
  
  <ThingDef ParentName="SEggUnfertBase">
    <defName>EggSlimeUnfertilized</defName>
    <label>slime egg (unfert.)</label>
    <description>Some strange egg thing layed by a mutagenic slime. It can be eaten.</description>
    <graphicData>
	  <texPath>Things/Item/Resource/AnimalProductRaw/EggOval</texPath>
      <color>(52,201,52)</color>
	  <drawSize>1.3</drawSize>
    </graphicData>
    <statBases>
      <MarketValue>55.0</MarketValue>
    </statBases>
  </ThingDef>

  <ThingDef ParentName="SEggFertBase">
    <defName>EggSlimeFertilized</defName>
    <label>slime egg (fert.)</label>
    <description>Some strange fertilized slime egg. If all goes well, it should hatch into a slime. It can be eaten.</description>
    <graphicData>
	  <texPath>Things/Item/Resource/AnimalProductRaw/EggOval</texPath>
      <color>(52,201,52)</color>
	  <drawSize>1.3</drawSize>
    </graphicData>
    <statBases>
      <MarketValue>150.0</MarketValue>
    </statBases>
    <comps>
      <li Class="CompProperties_Hatcher">
        <hatcherDaysToHatch>5.5</hatcherDaysToHatch>
        <hatcherPawn>CMSlime</hatcherPawn>
      </li>
    </comps>
  </ThingDef>

  <ThingDef ParentName="CraftableEggBase">
    <defName>CatalystSerum</defName>
    <label>catalyst serum</label>
    <description>Disgusting slurry of medical supplies and raw meat that breaks down into a mutagenic sludge.</description>
	<thingCategories>
      <li>EggsFertilized</li>
    </thingCategories>
    <graphicData>
      <color>(245,245,245)</color>
	  <texPath>Things/CatalystSerum</texPath>
	  <graphicClass>Graphic_Single</graphicClass>
    </graphicData>
    <statBases>
      <MarketValue>7.0</MarketValue>
    </statBases>
	<tickerType>Normal</tickerType>
    <comps>
      <li Class="CompProperties_Hatcher">
        <hatcherDaysToHatch>1.5</hatcherDaysToHatch>
        <hatcherPawn>CMSlime</hatcherPawn>
      </li>
    </comps>
  </ThingDef>
  
  <RecipeDef>
    <defName>MakeCatalystSerum</defName>
    <label>make catalyst serum</label>
    <description>Make mutagenic catalyst serum from medical supplies and raw meat</description>
    <jobString>Brewing catalyst.</jobString>
    <workAmount>750</workAmount>
    <workSpeedStat>DrugProductionSpeed</workSpeedStat>
    <effectWorking>Cook</effectWorking>
    <soundWorking>Recipe_CookMeal</soundWorking>
	<allowMixingIngredients>true</allowMixingIngredients>
    <ingredients>
      <li>
        <filter>
          <categories>
            <li>MeatRaw</li>
          </categories>
        </filter>
        <count>15</count>
      </li>
      <li>
        <filter>
          <thingDefs>
            <li>Neutroamine</li>
          </thingDefs>
        </filter>
        <count>2</count>
      </li>
	  <li>
        <filter>
          <thingDefs>
            <li>Medicine</li>
          </thingDefs>
        </filter>
        <count>2</count>
      </li>
    </ingredients>
    <products>
      <CatalystSerum>1</CatalystSerum>
    </products>
    <fixedIngredientFilter>
      <categories>
        <li>MeatRaw</li>
      </categories>
      <thingDefs>
        <li>Medicine</li>
        <li>Neutroamine</li>
      </thingDefs>
    </fixedIngredientFilter>
    <defaultIngredientFilter>
      <categories>
        <li>Foods</li>
		<li>Manufactured</li>
		<li>Medicine</li>
      </categories>
    </defaultIngredientFilter>
    <workSkill>Intellectual</workSkill>
	<recipeUsers>
      <li>DrugLab</li>
    </recipeUsers>
    <researchPrerequisite>MutagenOne</researchPrerequisite>
    <skillRequirements>
      <li>
        <skill>Medicine</skill>
        <minLevel>6</minLevel>
      </li>
      <li>
        <skill>Cooking</skill>
        <minLevel>4</minLevel>
      </li>
    </skillRequirements>
  </RecipeDef>
  
  
</Defs>