﻿<?xml version="1.0" encoding="utf-8" ?>
<Defs>

  <!-- torso for animals -->

  <BodyPartDef>
    <defName>SlimeBody</defName>
    <label>body</label>
    <hitPoints>30</hitPoints>
    <oldInjuryBaseChance>0.08</oldInjuryBaseChance>
    <skinCovered>true</skinCovered>
    <tags>
      <li>MovingLimbCore</li>
	  <li>HearingSource</li>
	  <li>EatingSource</li>
      <li>TalkingSource</li>
      <li>ManipulationLimbCore</li>
	  <li>ConsciousnessSource</li>
	  <li>SightSource</li>
	  <li>BreathingPathway</li>
      <li>EatingPathway</li>
      <li>TalkingPathway</li>
    </tags>
  </BodyPartDef>

  <BodyPartDef>
    <defName>SlimeHeart</defName>
    <label>heart</label>
    <hitPoints>20</hitPoints>
    <oldInjuryBaseChance>0.08</oldInjuryBaseChance>
    <bleedingRateMultiplier>5</bleedingRateMultiplier>
    <skinCovered>false</skinCovered>
    <tags>
      <li>BloodPumpingSource</li>
      <li>BloodFiltrationSource</li>
      <li>MetabolismSource</li>
      <li>BreathingSource</li>
    </tags>
  </BodyPartDef>

</Defs>